timestep_1,timestep_2,timestep_3,timestep_4
2030,,,
2040,,,
all,in1,d001,h0001
all,in1,d001,h0002
all,in1,d001,h0003
all,in1,d001,h0004
all,in1,d001,h0005
all,in1,d001,h0006
all,in1,d001,h0007
all,in1,d001,h0008
all,in1,d001,h0009
all,in1,d001,h0010
all,in1,d001,h0011
all,in1,d001,h0012
all,in1,d001,h0013
all,in1,d001,h0014
all,in1,d001,h0015
all,in1,d001,h0016
all,in1,d001,h0017
all,in1,d001,h0018
all,in1,d001,h0019
all,in1,d001,h0020
all,in1,d001,h0021
all,in1,d001,h0022
all,in1,d001,h0023
all,in1,d001,h0024
all,in2,d002,h0025
all,in2,d002,h0026
all,in2,d002,h0027
all,in2,d002,h0028
all,in2,d002,h0029
all,in2,d002,h0030
all,in2,d002,h0031
all,in2,d002,h0032
all,in2,d002,h0033
all,in2,d002,h0034
all,in2,d002,h0035
all,in2,d002,h0036
all,in2,d002,h0037
all,in2,d002,h0038
all,in2,d002,h0039
all,in2,d002,h0040
all,in2,d002,h0041
all,in2,d002,h0042
all,in2,d002,h0043
all,in2,d002,h0044
all,in2,d002,h0045
all,in2,d002,h0046
all,in2,d002,h0047
all,in2,d002,h0048
all,in3,d003,h0049
all,in3,d003,h0050
all,in3,d003,h0051
all,in3,d003,h0052
all,in3,d003,h0053
all,in3,d003,h0054
all,in3,d003,h0055
all,in3,d003,h0056
all,in3,d003,h0057
all,in3,d003,h0058
all,in3,d003,h0059
all,in3,d003,h0060
all,in3,d003,h0061
all,in3,d003,h0062
all,in3,d003,h0063
all,in3,d003,h0064
all,in3,d003,h0065
all,in3,d003,h0066
all,in3,d003,h0067
all,in3,d003,h0068
all,in3,d003,h0069
all,in3,d003,h0070
all,in3,d003,h0071
all,in3,d003,h0072
all,in4,d004,h0073
all,in4,d004,h0074
all,in4,d004,h0075
all,in4,d004,h0076
all,in4,d004,h0077
all,in4,d004,h0078
all,in4,d004,h0079
all,in4,d004,h0080
all,in4,d004,h0081
all,in4,d004,h0082
all,in4,d004,h0083
all,in4,d004,h0084
all,in4,d004,h0085
all,in4,d004,h0086
all,in4,d004,h0087
all,in4,d004,h0088
all,in4,d004,h0089
all,in4,d004,h0090
all,in4,d004,h0091
all,in4,d004,h0092
all,in4,d004,h0093
all,in4,d004,h0094
all,in4,d004,h0095
all,in4,d004,h0096
