timestep_2,carrier_1,region_4,parameter,value,comment,source
2020,spaceHeat,01ES,capaDem,4.831,computed using historic generation quantities and full load hours from demand profiles,"Heat Roadmap Europe (2017), Profile of heating and cooling demand in 2015; Ruhnau (2019), when2heat"
2020,spaceHeat,02ES,capaDem,4.896,process heat distributed across clusters based on employment data and heat demand of relevant industries,"JRC (2012), Heat and cooling demand and market perspective; eurostat (2020), SBS data by NUTS 2 regions and NACE Rev. 2"
2020,spaceHeat,03ES,capaDem,3.263,,
2020,spaceHeat,04ES,capaDem,5.356,,
2020,spaceHeat,05ES,capaDem,2.293,,
2020,spaceHeat,06ES,capaDem,12.041,,
2020,spaceHeat,07ES,capaDem,11.354,,
2020,spaceHeat,08ES,capaDem,4.093,,
2020,spaceHeat,09ES,capaDem,7.268,,
2020,spaceHeat,10ES,capaDem,4.449,,
2020,spaceHeat,11ES,capaDem,11.776,,
2020,spaceHeat,12PT,capaDem,5.232,,
2020,spaceHeat,13PT,capaDem,4.228,,
2020,spaceHeat,14FR,capaDem,15.831,,
2020,spaceHeat,15FR,capaDem,9.298,,
2020,spaceHeat,16FR,capaDem,15.2,,
2020,spaceHeat,17FR,capaDem,13.862,,
2020,spaceHeat,18FR,capaDem,11.836,,
2020,spaceHeat,19FR,capaDem,11.205,,
2020,spaceHeat,20FR,capaDem,11.212,,
2020,spaceHeat,21FR,capaDem,15.266,,
2020,spaceHeat,22FR,capaDem,6.591,,
2020,spaceHeat,23FR,capaDem,37.207,,
2020,spaceHeat,24FR,capaDem,6.47,,
2020,spaceHeat,25FR,capaDem,17.856,,
2020,spaceHeat,26FR,capaDem,24.241,,
2020,spaceHeat,27FR,capaDem,2.893,,
2020,spaceHeat,28BE,capaDem,43.578,,
2020,spaceHeat,29LU,capaDem,3.297,,
2020,spaceHeat,30NL,capaDem,55.107,,
2020,spaceHeat,31DE,capaDem,45.071,,
2020,spaceHeat,32DE,capaDem,27.927,,
2020,spaceHeat,33DE,capaDem,58.93,,
2020,spaceHeat,34DE,capaDem,28.13,,
2020,spaceHeat,35DE,capaDem,38.463,,
2020,spaceHeat,36DE,capaDem,38.1,,
2020,spaceHeat,37DE,capaDem,45.476,,
2020,spaceHeat,38DK,capaDem,10.955,,
2020,spaceHeat,39CZ,capaDem,14.848,,
2020,spaceHeat,40CZ,capaDem,11.639,,
2020,spaceHeat,41PL,capaDem,18.135,,
2020,spaceHeat,42PL,capaDem,13.023,,
2020,spaceHeat,43PL,capaDem,17.636,,
2020,spaceHeat,44PL,capaDem,16.061,,
2020,spaceHeat,45PL,capaDem,12.214,,
2020,spaceHeat,46SK,capaDem,10.408,,
2020,spaceHeat,47CH,capaDem,21.561,,
2020,spaceHeat,48CH,capaDem,2.677,,
2020,spaceHeat,49AT,capaDem,5.905,,
2020,spaceHeat,50AT,capaDem,8.263,,
2020,spaceHeat,51AT,capaDem,10.921,,
2020,spaceHeat,52IT,capaDem,101.815,,
2020,spaceHeat,53IT,capaDem,19.265,,
2020,spaceHeat,54IT,capaDem,37.098,,
2020,spaceHeat,55IT,capaDem,19.628,,
2020,spaceHeat,56IT,capaDem,12.063,,
2020,spaceHeat,57SI,capaDem,4.389,,
2020,spaceHeat,58HU,capaDem,27.016,,
2020,spaceHeat,59RO,capaDem,6.375,,
2020,spaceHeat,60RO,capaDem,8.986,,
2020,spaceHeat,61RO,capaDem,7.288,,
2020,spaceHeat,62HR,capaDem,9.744,,
2020,spaceHeat,63BA,capaDem,4.427,,
2020,spaceHeat,64ME,capaDem,0.819,,
2020,spaceHeat,65RS,capaDem,8.154,,
2020,spaceHeat,66BG,capaDem,10.399,,
2020,spaceHeat,67MK,capaDem,2.97,,
2020,spaceHeat,68GR,capaDem,7.543,,
2020,spaceHeat,69GR,capaDem,10.849,,
2020,spaceHeat,70AL,capaDem,3.788,,
2020,spaceHeat,72DK,capaDem,8.677,,
2020,spaceHeat,73EE,capaDem,4.045,,
2020,spaceHeat,74FI,capaDem,3.712,,
2020,spaceHeat,75FI,capaDem,22.913,,
2020,spaceHeat,77LT,capaDem,5.384,,
2020,spaceHeat,78LV,capaDem,5.412,,
2020,spaceHeat,79NO,capaDem,1.313,,
2020,spaceHeat,80NO,capaDem,3.048,,
2020,spaceHeat,81NO,capaDem,4.738,,
2020,spaceHeat,82NO,capaDem,8.111,,
2020,spaceHeat,83NO,capaDem,2.516,,
2020,spaceHeat,84NO,capaDem,2.401,,
2020,spaceHeat,85NO,capaDem,0.335,,
2020,spaceHeat,86SE,capaDem,1.451,,
2020,spaceHeat,87SE,capaDem,4.588,,
2020,spaceHeat,88SE,capaDem,30.862,,
2020,spaceHeat,89SE,capaDem,8.326,,
2020,spaceHeat,90UK,capaDem,50.515,,
2020,spaceHeat,91UK,capaDem,11.293,,
2020,spaceHeat,92UK,capaDem,51.908,,
2020,spaceHeat,93UK,capaDem,14.593,,
2020,spaceHeat,94UK,capaDem,8.486,,
2020,spaceHeat,95UK,capaDem,4.341,,
2020,spaceHeat,96IE,capaDem,11.658,,
2020,spaceHeat,98IT,capaDem,4.578,,
2020,spaceHeat,99FR,capaDem,0.801,,
2025,spaceHeat,01ES,capaDem,3.494,,
2025,spaceHeat,02ES,capaDem,3.541,,
2025,spaceHeat,03ES,capaDem,2.361,,
2025,spaceHeat,04ES,capaDem,3.874,,
2025,spaceHeat,05ES,capaDem,1.659,,
2025,spaceHeat,06ES,capaDem,8.71,,
2025,spaceHeat,07ES,capaDem,8.214,,
2025,spaceHeat,08ES,capaDem,2.961,,
2025,spaceHeat,09ES,capaDem,5.258,,
2025,spaceHeat,10ES,capaDem,3.218,,
2025,spaceHeat,11ES,capaDem,8.519,,
2025,spaceHeat,12PT,capaDem,4.189,,
2025,spaceHeat,13PT,capaDem,3.384,,
2025,spaceHeat,14FR,capaDem,14.257,,
2025,spaceHeat,15FR,capaDem,8.374,,
2025,spaceHeat,16FR,capaDem,13.689,,
2025,spaceHeat,17FR,capaDem,12.484,,
2025,spaceHeat,18FR,capaDem,10.66,,
2025,spaceHeat,19FR,capaDem,10.091,,
2025,spaceHeat,20FR,capaDem,10.098,,
2025,spaceHeat,21FR,capaDem,13.748,,
2025,spaceHeat,22FR,capaDem,5.936,,
2025,spaceHeat,23FR,capaDem,33.509,,
2025,spaceHeat,24FR,capaDem,5.827,,
2025,spaceHeat,25FR,capaDem,16.081,,
2025,spaceHeat,26FR,capaDem,21.831,,
2025,spaceHeat,27FR,capaDem,2.605,,
2025,spaceHeat,28BE,capaDem,43.578,,
2025,spaceHeat,29LU,capaDem,2.493,,
2025,spaceHeat,30NL,capaDem,47.129,,
2025,spaceHeat,31DE,capaDem,45.062,,
2025,spaceHeat,32DE,capaDem,27.922,,
2025,spaceHeat,33DE,capaDem,58.919,,
2025,spaceHeat,34DE,capaDem,28.125,,
2025,spaceHeat,35DE,capaDem,38.456,,
2025,spaceHeat,36DE,capaDem,38.093,,
2025,spaceHeat,37DE,capaDem,45.468,,
2025,spaceHeat,38DK,capaDem,10.955,,
2025,spaceHeat,39CZ,capaDem,13.262,,
2025,spaceHeat,40CZ,capaDem,10.396,,
2025,spaceHeat,41PL,capaDem,15.477,,
2025,spaceHeat,42PL,capaDem,11.114,,
2025,spaceHeat,43PL,capaDem,15.051,,
2025,spaceHeat,44PL,capaDem,13.706,,
2025,spaceHeat,45PL,capaDem,10.423,,
2025,spaceHeat,46SK,capaDem,9.281,,
2025,spaceHeat,47CH,capaDem,21.557,,
2025,spaceHeat,48CH,capaDem,2.677,,
2025,spaceHeat,49AT,capaDem,5.904,,
2025,spaceHeat,50AT,capaDem,8.262,,
2025,spaceHeat,51AT,capaDem,10.919,,
2025,spaceHeat,52IT,capaDem,93.477,,
2025,spaceHeat,53IT,capaDem,17.688,,
2025,spaceHeat,54IT,capaDem,34.06,,
2025,spaceHeat,55IT,capaDem,18.02,,
2025,spaceHeat,56IT,capaDem,11.075,,
2025,spaceHeat,57SI,capaDem,4.346,,
2025,spaceHeat,58HU,capaDem,25.78,,
2025,spaceHeat,59RO,capaDem,5.454,,
2025,spaceHeat,60RO,capaDem,7.688,,
2025,spaceHeat,61RO,capaDem,6.236,,
2025,spaceHeat,62HR,capaDem,7.868,,
2025,spaceHeat,63BA,capaDem,3.788,,
2025,spaceHeat,64ME,capaDem,0.7,,
2025,spaceHeat,65RS,capaDem,6.976,,
2025,spaceHeat,66BG,capaDem,9.16,,
2025,spaceHeat,67MK,capaDem,2.541,,
2025,spaceHeat,68GR,capaDem,5.433,,
2025,spaceHeat,69GR,capaDem,7.814,,
2025,spaceHeat,70AL,capaDem,3.241,,
2025,spaceHeat,72DK,capaDem,8.677,,
2025,spaceHeat,73EE,capaDem,3.566,,
2025,spaceHeat,74FI,capaDem,2.843,,
2025,spaceHeat,75FI,capaDem,17.549,,
2025,spaceHeat,77LT,capaDem,5.373,,
2025,spaceHeat,78LV,capaDem,5.094,,
2025,spaceHeat,79NO,capaDem,1.313,,
2025,spaceHeat,80NO,capaDem,3.048,,
2025,spaceHeat,81NO,capaDem,4.738,,
2025,spaceHeat,82NO,capaDem,8.111,,
2025,spaceHeat,83NO,capaDem,2.516,,
2025,spaceHeat,84NO,capaDem,2.401,,
2025,spaceHeat,85NO,capaDem,0.335,,
2025,spaceHeat,86SE,capaDem,1.451,,
2025,spaceHeat,87SE,capaDem,4.588,,
2025,spaceHeat,88SE,capaDem,30.862,,
2025,spaceHeat,89SE,capaDem,8.326,,
2025,spaceHeat,90UK,capaDem,50.515,,
2025,spaceHeat,91UK,capaDem,11.293,,
2025,spaceHeat,92UK,capaDem,51.908,,
2025,spaceHeat,93UK,capaDem,14.593,,
2025,spaceHeat,94UK,capaDem,8.486,,
2025,spaceHeat,95UK,capaDem,4.341,,
2025,spaceHeat,96IE,capaDem,8.554,,
2025,spaceHeat,98IT,capaDem,4.203,,
2025,spaceHeat,99FR,capaDem,0.721,,
2030,spaceHeat,01ES,capaDem,3.088,,
2030,spaceHeat,02ES,capaDem,3.13,,
2030,spaceHeat,03ES,capaDem,2.086,,
2030,spaceHeat,04ES,capaDem,3.424,,
2030,spaceHeat,05ES,capaDem,1.466,,
2030,spaceHeat,06ES,capaDem,7.698,,
2030,spaceHeat,07ES,capaDem,7.259,,
2030,spaceHeat,08ES,capaDem,2.617,,
2030,spaceHeat,09ES,capaDem,4.647,,
2030,spaceHeat,10ES,capaDem,2.844,,
2030,spaceHeat,11ES,capaDem,7.529,,
2030,spaceHeat,12PT,capaDem,3.702,,
2030,spaceHeat,13PT,capaDem,2.991,,
2030,spaceHeat,14FR,capaDem,12.6,,
2030,spaceHeat,15FR,capaDem,7.401,,
2030,spaceHeat,16FR,capaDem,12.098,,
2030,spaceHeat,17FR,capaDem,11.034,,
2030,spaceHeat,18FR,capaDem,9.421,,
2030,spaceHeat,19FR,capaDem,8.918,,
2030,spaceHeat,20FR,capaDem,8.924,,
2030,spaceHeat,21FR,capaDem,12.151,,
2030,spaceHeat,22FR,capaDem,5.246,,
2030,spaceHeat,23FR,capaDem,29.615,,
2030,spaceHeat,24FR,capaDem,5.15,,
2030,spaceHeat,25FR,capaDem,14.213,,
2030,spaceHeat,26FR,capaDem,19.294,,
2030,spaceHeat,27FR,capaDem,2.303,,
2030,spaceHeat,28BE,capaDem,39.419,,
2030,spaceHeat,29LU,capaDem,2.203,,
2030,spaceHeat,30NL,capaDem,41.653,,
2030,spaceHeat,31DE,capaDem,39.827,,
2030,spaceHeat,32DE,capaDem,24.678,,
2030,spaceHeat,33DE,capaDem,52.073,,
2030,spaceHeat,34DE,capaDem,24.857,,
2030,spaceHeat,35DE,capaDem,33.988,,
2030,spaceHeat,36DE,capaDem,33.667,,
2030,spaceHeat,37DE,capaDem,40.185,,
2030,spaceHeat,38DK,capaDem,10.07,,
2030,spaceHeat,39CZ,capaDem,11.721,,
2030,spaceHeat,40CZ,capaDem,9.188,,
2030,spaceHeat,41PL,capaDem,13.679,,
2030,spaceHeat,42PL,capaDem,9.823,,
2030,spaceHeat,43PL,capaDem,13.302,,
2030,spaceHeat,44PL,capaDem,12.114,,
2030,spaceHeat,45PL,capaDem,9.212,,
2030,spaceHeat,46SK,capaDem,8.203,,
2030,spaceHeat,47CH,capaDem,19.052,,
2030,spaceHeat,48CH,capaDem,2.366,,
2030,spaceHeat,49AT,capaDem,5.218,,
2030,spaceHeat,50AT,capaDem,7.302,,
2030,spaceHeat,51AT,capaDem,9.65,,
2030,spaceHeat,52IT,capaDem,82.617,,
2030,spaceHeat,53IT,capaDem,15.632,,
2030,spaceHeat,54IT,capaDem,30.103,,
2030,spaceHeat,55IT,capaDem,15.927,,
2030,spaceHeat,56IT,capaDem,9.788,,
2030,spaceHeat,57SI,capaDem,3.841,,
2030,spaceHeat,58HU,capaDem,22.784,,
2030,spaceHeat,59RO,capaDem,4.82,,
2030,spaceHeat,60RO,capaDem,6.795,,
2030,spaceHeat,61RO,capaDem,5.511,,
2030,spaceHeat,62HR,capaDem,6.954,,
2030,spaceHeat,63BA,capaDem,3.348,,
2030,spaceHeat,64ME,capaDem,0.619,,
2030,spaceHeat,65RS,capaDem,6.166,,
2030,spaceHeat,66BG,capaDem,8.096,,
2030,spaceHeat,67MK,capaDem,2.246,,
2030,spaceHeat,68GR,capaDem,4.802,,
2030,spaceHeat,69GR,capaDem,6.906,,
2030,spaceHeat,70AL,capaDem,2.864,,
2030,spaceHeat,72DK,capaDem,7.976,,
2030,spaceHeat,73EE,capaDem,3.152,,
2030,spaceHeat,74FI,capaDem,2.512,,
2030,spaceHeat,75FI,capaDem,15.51,,
2030,spaceHeat,77LT,capaDem,4.749,,
2030,spaceHeat,78LV,capaDem,4.502,,
2030,spaceHeat,79NO,capaDem,1.179,,
2030,spaceHeat,80NO,capaDem,2.737,,
2030,spaceHeat,81NO,capaDem,4.255,,
2030,spaceHeat,82NO,capaDem,7.284,,
2030,spaceHeat,83NO,capaDem,2.259,,
2030,spaceHeat,84NO,capaDem,2.156,,
2030,spaceHeat,85NO,capaDem,0.301,,
2030,spaceHeat,86SE,capaDem,1.303,,
2030,spaceHeat,87SE,capaDem,4.12,,
2030,spaceHeat,88SE,capaDem,27.715,,
2030,spaceHeat,89SE,capaDem,7.477,,
2030,spaceHeat,90UK,capaDem,47.78,,
2030,spaceHeat,91UK,capaDem,10.681,,
2030,spaceHeat,92UK,capaDem,49.097,,
2030,spaceHeat,93UK,capaDem,13.803,,
2030,spaceHeat,94UK,capaDem,8.026,,
2030,spaceHeat,95UK,capaDem,4.106,,
2030,spaceHeat,96IE,capaDem,7.56,,
2030,spaceHeat,98IT,capaDem,3.715,,
2030,spaceHeat,99FR,capaDem,0.637,,
2035,spaceHeat,01ES,capaDem,2.806,,
2035,spaceHeat,02ES,capaDem,2.843,,
2035,spaceHeat,03ES,capaDem,1.895,,
2035,spaceHeat,04ES,capaDem,3.111,,
2035,spaceHeat,05ES,capaDem,1.332,,
2035,spaceHeat,06ES,capaDem,6.994,,
2035,spaceHeat,07ES,capaDem,6.595,,
2035,spaceHeat,08ES,capaDem,2.377,,
2035,spaceHeat,09ES,capaDem,4.221,,
2035,spaceHeat,10ES,capaDem,2.584,,
2035,spaceHeat,11ES,capaDem,6.84,,
2035,spaceHeat,12PT,capaDem,3.363,,
2035,spaceHeat,13PT,capaDem,2.717,,
2035,spaceHeat,14FR,capaDem,11.448,,
2035,spaceHeat,15FR,capaDem,6.723,,
2035,spaceHeat,16FR,capaDem,10.991,,
2035,spaceHeat,17FR,capaDem,10.024,,
2035,spaceHeat,18FR,capaDem,8.559,,
2035,spaceHeat,19FR,capaDem,8.102,,
2035,spaceHeat,20FR,capaDem,8.108,,
2035,spaceHeat,21FR,capaDem,11.039,,
2035,spaceHeat,22FR,capaDem,4.766,,
2035,spaceHeat,23FR,capaDem,26.906,,
2035,spaceHeat,24FR,capaDem,4.679,,
2035,spaceHeat,25FR,capaDem,12.912,,
2035,spaceHeat,26FR,capaDem,17.529,,
2035,spaceHeat,27FR,capaDem,2.092,,
2035,spaceHeat,28BE,capaDem,35.812,,
2035,spaceHeat,29LU,capaDem,2.002,,
2035,spaceHeat,30NL,capaDem,37.842,,
2035,spaceHeat,31DE,capaDem,36.183,,
2035,spaceHeat,32DE,capaDem,22.42,,
2035,spaceHeat,33DE,capaDem,47.309,,
2035,spaceHeat,34DE,capaDem,22.583,,
2035,spaceHeat,35DE,capaDem,30.878,,
2035,spaceHeat,36DE,capaDem,30.587,,
2035,spaceHeat,37DE,capaDem,36.509,,
2035,spaceHeat,38DK,capaDem,9.149,,
2035,spaceHeat,39CZ,capaDem,10.648,,
2035,spaceHeat,40CZ,capaDem,8.347,,
2035,spaceHeat,41PL,capaDem,12.427,,
2035,spaceHeat,42PL,capaDem,8.924,,
2035,spaceHeat,43PL,capaDem,12.085,,
2035,spaceHeat,44PL,capaDem,11.006,,
2035,spaceHeat,45PL,capaDem,8.369,,
2035,spaceHeat,46SK,capaDem,7.452,,
2035,spaceHeat,47CH,capaDem,17.309,,
2035,spaceHeat,48CH,capaDem,2.149,,
2035,spaceHeat,49AT,capaDem,4.741,,
2035,spaceHeat,50AT,capaDem,6.634,,
2035,spaceHeat,51AT,capaDem,8.767,,
2035,spaceHeat,52IT,capaDem,75.058,,
2035,spaceHeat,53IT,capaDem,14.202,,
2035,spaceHeat,54IT,capaDem,27.349,,
2035,spaceHeat,55IT,capaDem,14.469,,
2035,spaceHeat,56IT,capaDem,8.893,,
2035,spaceHeat,57SI,capaDem,3.49,,
2035,spaceHeat,58HU,capaDem,20.7,,
2035,spaceHeat,59RO,capaDem,4.379,,
2035,spaceHeat,60RO,capaDem,6.173,,
2035,spaceHeat,61RO,capaDem,5.007,,
2035,spaceHeat,62HR,capaDem,6.317,,
2035,spaceHeat,63BA,capaDem,3.042,,
2035,spaceHeat,64ME,capaDem,0.562,,
2035,spaceHeat,65RS,capaDem,5.602,,
2035,spaceHeat,66BG,capaDem,7.355,,
2035,spaceHeat,67MK,capaDem,2.04,,
2035,spaceHeat,68GR,capaDem,4.362,,
2035,spaceHeat,69GR,capaDem,6.274,,
2035,spaceHeat,70AL,capaDem,2.602,,
2035,spaceHeat,72DK,capaDem,7.247,,
2035,spaceHeat,73EE,capaDem,2.863,,
2035,spaceHeat,74FI,capaDem,2.283,,
2035,spaceHeat,75FI,capaDem,14.091,,
2035,spaceHeat,77LT,capaDem,4.314,,
2035,spaceHeat,78LV,capaDem,4.09,,
2035,spaceHeat,79NO,capaDem,1.071,,
2035,spaceHeat,80NO,capaDem,2.486,,
2035,spaceHeat,81NO,capaDem,3.866,,
2035,spaceHeat,82NO,capaDem,6.617,,
2035,spaceHeat,83NO,capaDem,2.053,,
2035,spaceHeat,84NO,capaDem,1.958,,
2035,spaceHeat,85NO,capaDem,0.273,,
2035,spaceHeat,86SE,capaDem,1.184,,
2035,spaceHeat,87SE,capaDem,3.743,,
2035,spaceHeat,88SE,capaDem,25.18,,
2035,spaceHeat,89SE,capaDem,6.793,,
2035,spaceHeat,90UK,capaDem,43.408,,
2035,spaceHeat,91UK,capaDem,9.704,,
2035,spaceHeat,92UK,capaDem,44.605,,
2035,spaceHeat,93UK,capaDem,12.54,,
2035,spaceHeat,94UK,capaDem,7.292,,
2035,spaceHeat,95UK,capaDem,3.731,,
2035,spaceHeat,96IE,capaDem,6.868,,
2035,spaceHeat,98IT,capaDem,3.375,,
2035,spaceHeat,99FR,capaDem,0.579,,
2040,spaceHeat,01ES,capaDem,2.523,,
2040,spaceHeat,02ES,capaDem,2.557,,
2040,spaceHeat,03ES,capaDem,1.704,,
2040,spaceHeat,04ES,capaDem,2.798,,
2040,spaceHeat,05ES,capaDem,1.198,,
2040,spaceHeat,06ES,capaDem,6.289,,
2040,spaceHeat,07ES,capaDem,5.931,,
2040,spaceHeat,08ES,capaDem,2.138,,
2040,spaceHeat,09ES,capaDem,3.796,,
2040,spaceHeat,10ES,capaDem,2.324,,
2040,spaceHeat,11ES,capaDem,6.151,,
2040,spaceHeat,12PT,capaDem,3.024,,
2040,spaceHeat,13PT,capaDem,2.444,,
2040,spaceHeat,14FR,capaDem,10.295,,
2040,spaceHeat,15FR,capaDem,6.046,,
2040,spaceHeat,16FR,capaDem,9.884,,
2040,spaceHeat,17FR,capaDem,9.015,,
2040,spaceHeat,18FR,capaDem,7.697,,
2040,spaceHeat,19FR,capaDem,7.286,,
2040,spaceHeat,20FR,capaDem,7.291,,
2040,spaceHeat,21FR,capaDem,9.927,,
2040,spaceHeat,22FR,capaDem,4.286,,
2040,spaceHeat,23FR,capaDem,24.196,,
2040,spaceHeat,24FR,capaDem,4.208,,
2040,spaceHeat,25FR,capaDem,11.612,,
2040,spaceHeat,26FR,capaDem,15.764,,
2040,spaceHeat,27FR,capaDem,1.881,,
2040,spaceHeat,28BE,capaDem,32.206,,
2040,spaceHeat,29LU,capaDem,1.8,,
2040,spaceHeat,30NL,capaDem,34.031,,
2040,spaceHeat,31DE,capaDem,32.539,,
2040,spaceHeat,32DE,capaDem,20.162,,
2040,spaceHeat,33DE,capaDem,42.545,,
2040,spaceHeat,34DE,capaDem,20.308,,
2040,spaceHeat,35DE,capaDem,27.769,,
2040,spaceHeat,36DE,capaDem,27.506,,
2040,spaceHeat,37DE,capaDem,32.832,,
2040,spaceHeat,38DK,capaDem,8.228,,
2040,spaceHeat,39CZ,capaDem,9.576,,
2040,spaceHeat,40CZ,capaDem,7.506,,
2040,spaceHeat,41PL,capaDem,11.176,,
2040,spaceHeat,42PL,capaDem,8.025,,
2040,spaceHeat,43PL,capaDem,10.868,,
2040,spaceHeat,44PL,capaDem,9.897,,
2040,spaceHeat,45PL,capaDem,7.526,,
2040,spaceHeat,46SK,capaDem,6.702,,
2040,spaceHeat,47CH,capaDem,15.566,,
2040,spaceHeat,48CH,capaDem,1.933,,
2040,spaceHeat,49AT,capaDem,4.263,,
2040,spaceHeat,50AT,capaDem,5.965,,
2040,spaceHeat,51AT,capaDem,7.884,,
2040,spaceHeat,52IT,capaDem,67.499,,
2040,spaceHeat,53IT,capaDem,12.772,,
2040,spaceHeat,54IT,capaDem,24.594,,
2040,spaceHeat,55IT,capaDem,13.012,,
2040,spaceHeat,56IT,capaDem,7.997,,
2040,spaceHeat,57SI,capaDem,3.138,,
2040,spaceHeat,58HU,capaDem,18.615,,
2040,spaceHeat,59RO,capaDem,3.938,,
2040,spaceHeat,60RO,capaDem,5.551,,
2040,spaceHeat,61RO,capaDem,4.503,,
2040,spaceHeat,62HR,capaDem,5.681,,
2040,spaceHeat,63BA,capaDem,2.735,,
2040,spaceHeat,64ME,capaDem,0.506,,
2040,spaceHeat,65RS,capaDem,5.038,,
2040,spaceHeat,66BG,capaDem,6.615,,
2040,spaceHeat,67MK,capaDem,1.835,,
2040,spaceHeat,68GR,capaDem,3.923,,
2040,spaceHeat,69GR,capaDem,5.642,,
2040,spaceHeat,70AL,capaDem,2.34,,
2040,spaceHeat,72DK,capaDem,6.517,,
2040,spaceHeat,73EE,capaDem,2.575,,
2040,spaceHeat,74FI,capaDem,2.053,,
2040,spaceHeat,75FI,capaDem,12.672,,
2040,spaceHeat,77LT,capaDem,3.88,,
2040,spaceHeat,78LV,capaDem,3.678,,
2040,spaceHeat,79NO,capaDem,0.963,,
2040,spaceHeat,80NO,capaDem,2.236,,
2040,spaceHeat,81NO,capaDem,3.476,,
2040,spaceHeat,82NO,capaDem,5.951,,
2040,spaceHeat,83NO,capaDem,1.846,,
2040,spaceHeat,84NO,capaDem,1.761,,
2040,spaceHeat,85NO,capaDem,0.246,,
2040,spaceHeat,86SE,capaDem,1.065,,
2040,spaceHeat,87SE,capaDem,3.366,,
2040,spaceHeat,88SE,capaDem,22.644,,
2040,spaceHeat,89SE,capaDem,6.109,,
2040,spaceHeat,90UK,capaDem,39.037,,
2040,spaceHeat,91UK,capaDem,8.727,,
2040,spaceHeat,92UK,capaDem,40.113,,
2040,spaceHeat,93UK,capaDem,11.277,,
2040,spaceHeat,94UK,capaDem,6.558,,
2040,spaceHeat,95UK,capaDem,3.355,,
2040,spaceHeat,96IE,capaDem,6.177,,
2040,spaceHeat,98IT,capaDem,3.035,,
2040,spaceHeat,99FR,capaDem,0.521,,
2045,spaceHeat,01ES,capaDem,2.24,,
2045,spaceHeat,02ES,capaDem,2.271,,
2045,spaceHeat,03ES,capaDem,1.514,,
2045,spaceHeat,04ES,capaDem,2.484,,
2045,spaceHeat,05ES,capaDem,1.063,,
2045,spaceHeat,06ES,capaDem,5.585,,
2045,spaceHeat,07ES,capaDem,5.267,,
2045,spaceHeat,08ES,capaDem,1.898,,
2045,spaceHeat,09ES,capaDem,3.371,,
2045,spaceHeat,10ES,capaDem,2.063,,
2045,spaceHeat,11ES,capaDem,5.462,,
2045,spaceHeat,12PT,capaDem,2.686,,
2045,spaceHeat,13PT,capaDem,2.17,,
2045,spaceHeat,14FR,capaDem,9.142,,
2045,spaceHeat,15FR,capaDem,5.369,,
2045,spaceHeat,16FR,capaDem,8.777,,
2045,spaceHeat,17FR,capaDem,8.005,,
2045,spaceHeat,18FR,capaDem,6.835,,
2045,spaceHeat,19FR,capaDem,6.47,,
2045,spaceHeat,20FR,capaDem,6.475,,
2045,spaceHeat,21FR,capaDem,8.815,,
2045,spaceHeat,22FR,capaDem,3.806,,
2045,spaceHeat,23FR,capaDem,21.487,,
2045,spaceHeat,24FR,capaDem,3.736,,
2045,spaceHeat,25FR,capaDem,10.311,,
2045,spaceHeat,26FR,capaDem,13.999,,
2045,spaceHeat,27FR,capaDem,1.671,,
2045,spaceHeat,28BE,capaDem,28.599,,
2045,spaceHeat,29LU,capaDem,1.598,,
2045,spaceHeat,30NL,capaDem,30.22,,
2045,spaceHeat,31DE,capaDem,28.895,,
2045,spaceHeat,32DE,capaDem,17.904,,
2045,spaceHeat,33DE,capaDem,37.781,,
2045,spaceHeat,34DE,capaDem,18.034,,
2045,spaceHeat,35DE,capaDem,24.659,,
2045,spaceHeat,36DE,capaDem,24.426,,
2045,spaceHeat,37DE,capaDem,29.155,,
2045,spaceHeat,38DK,capaDem,7.306,,
2045,spaceHeat,39CZ,capaDem,8.504,,
2045,spaceHeat,40CZ,capaDem,6.666,,
2045,spaceHeat,41PL,capaDem,9.924,,
2045,spaceHeat,42PL,capaDem,7.126,,
2045,spaceHeat,43PL,capaDem,9.651,,
2045,spaceHeat,44PL,capaDem,8.789,,
2045,spaceHeat,45PL,capaDem,6.684,,
2045,spaceHeat,46SK,capaDem,5.951,,
2045,spaceHeat,47CH,capaDem,13.823,,
2045,spaceHeat,48CH,capaDem,1.716,,
2045,spaceHeat,49AT,capaDem,3.786,,
2045,spaceHeat,50AT,capaDem,5.297,,
2045,spaceHeat,51AT,capaDem,7.002,,
2045,spaceHeat,52IT,capaDem,59.941,,
2045,spaceHeat,53IT,capaDem,11.342,,
2045,spaceHeat,54IT,capaDem,21.84,,
2045,spaceHeat,55IT,capaDem,11.555,,
2045,spaceHeat,56IT,capaDem,7.102,,
2045,spaceHeat,57SI,capaDem,2.787,,
2045,spaceHeat,58HU,capaDem,16.531,,
2045,spaceHeat,59RO,capaDem,3.497,,
2045,spaceHeat,60RO,capaDem,4.93,,
2045,spaceHeat,61RO,capaDem,3.998,,
2045,spaceHeat,62HR,capaDem,5.045,,
2045,spaceHeat,63BA,capaDem,2.429,,
2045,spaceHeat,64ME,capaDem,0.449,,
2045,spaceHeat,65RS,capaDem,4.473,,
2045,spaceHeat,66BG,capaDem,5.874,,
2045,spaceHeat,67MK,capaDem,1.629,,
2045,spaceHeat,68GR,capaDem,3.483,,
2045,spaceHeat,69GR,capaDem,5.01,,
2045,spaceHeat,70AL,capaDem,2.078,,
2045,spaceHeat,72DK,capaDem,5.787,,
2045,spaceHeat,73EE,capaDem,2.286,,
2045,spaceHeat,74FI,capaDem,1.823,,
2045,spaceHeat,75FI,capaDem,11.253,,
2045,spaceHeat,77LT,capaDem,3.445,,
2045,spaceHeat,78LV,capaDem,3.266,,
2045,spaceHeat,79NO,capaDem,0.855,,
2045,spaceHeat,80NO,capaDem,1.986,,
2045,spaceHeat,81NO,capaDem,3.087,,
2045,spaceHeat,82NO,capaDem,5.284,,
2045,spaceHeat,83NO,capaDem,1.639,,
2045,spaceHeat,84NO,capaDem,1.564,,
2045,spaceHeat,85NO,capaDem,0.218,,
2045,spaceHeat,86SE,capaDem,0.945,,
2045,spaceHeat,87SE,capaDem,2.989,,
2045,spaceHeat,88SE,capaDem,20.108,,
2045,spaceHeat,89SE,capaDem,5.425,,
2045,spaceHeat,90UK,capaDem,34.665,,
2045,spaceHeat,91UK,capaDem,7.749,,
2045,spaceHeat,92UK,capaDem,35.621,,
2045,spaceHeat,93UK,capaDem,10.014,,
2045,spaceHeat,94UK,capaDem,5.823,,
2045,spaceHeat,95UK,capaDem,2.979,,
2045,spaceHeat,96IE,capaDem,5.485,,
2045,spaceHeat,98IT,capaDem,2.695,,
2045,spaceHeat,99FR,capaDem,0.462,,
2050,spaceHeat,01ES,capaDem,1.958,,
2050,spaceHeat,02ES,capaDem,1.984,,
2050,spaceHeat,03ES,capaDem,1.323,,
2050,spaceHeat,04ES,capaDem,2.171,,
2050,spaceHeat,05ES,capaDem,0.929,,
2050,spaceHeat,06ES,capaDem,4.881,,
2050,spaceHeat,07ES,capaDem,4.602,,
2050,spaceHeat,08ES,capaDem,1.659,,
2050,spaceHeat,09ES,capaDem,2.946,,
2050,spaceHeat,10ES,capaDem,1.803,,
2050,spaceHeat,11ES,capaDem,4.774,,
2050,spaceHeat,12PT,capaDem,2.347,,
2050,spaceHeat,13PT,capaDem,1.896,,
2050,spaceHeat,14FR,capaDem,7.989,,
2050,spaceHeat,15FR,capaDem,4.692,,
2050,spaceHeat,16FR,capaDem,7.67,,
2050,spaceHeat,17FR,capaDem,6.996,,
2050,spaceHeat,18FR,capaDem,5.973,,
2050,spaceHeat,19FR,capaDem,5.654,,
2050,spaceHeat,20FR,capaDem,5.658,,
2050,spaceHeat,21FR,capaDem,7.704,,
2050,spaceHeat,22FR,capaDem,3.326,,
2050,spaceHeat,23FR,capaDem,18.777,,
2050,spaceHeat,24FR,capaDem,3.265,,
2050,spaceHeat,25FR,capaDem,9.011,,
2050,spaceHeat,26FR,capaDem,12.233,,
2050,spaceHeat,27FR,capaDem,1.46,,
2050,spaceHeat,28BE,capaDem,24.993,,
2050,spaceHeat,29LU,capaDem,1.397,,
2050,spaceHeat,30NL,capaDem,26.409,,
2050,spaceHeat,31DE,capaDem,25.251,,
2050,spaceHeat,32DE,capaDem,15.647,,
2050,spaceHeat,33DE,capaDem,33.016,,
2050,spaceHeat,34DE,capaDem,15.76,,
2050,spaceHeat,35DE,capaDem,21.549,,
2050,spaceHeat,36DE,capaDem,21.346,,
2050,spaceHeat,37DE,capaDem,25.479,,
2050,spaceHeat,38DK,capaDem,6.385,,
2050,spaceHeat,39CZ,capaDem,7.431,,
2050,spaceHeat,40CZ,capaDem,5.825,,
2050,spaceHeat,41PL,capaDem,8.673,,
2050,spaceHeat,42PL,capaDem,6.228,,
2050,spaceHeat,43PL,capaDem,8.434,,
2050,spaceHeat,44PL,capaDem,7.681,,
2050,spaceHeat,45PL,capaDem,5.841,,
2050,spaceHeat,46SK,capaDem,5.201,,
2050,spaceHeat,47CH,capaDem,12.08,,
2050,spaceHeat,48CH,capaDem,1.5,,
2050,spaceHeat,49AT,capaDem,3.308,,
2050,spaceHeat,50AT,capaDem,4.629,,
2050,spaceHeat,51AT,capaDem,6.119,,
2050,spaceHeat,52IT,capaDem,52.382,,
2050,spaceHeat,53IT,capaDem,9.911,,
2050,spaceHeat,54IT,capaDem,19.086,,
2050,spaceHeat,55IT,capaDem,10.098,,
2050,spaceHeat,56IT,capaDem,6.206,,
2050,spaceHeat,57SI,capaDem,2.435,,
2050,spaceHeat,58HU,capaDem,14.446,,
2050,spaceHeat,59RO,capaDem,3.056,,
2050,spaceHeat,60RO,capaDem,4.308,,
2050,spaceHeat,61RO,capaDem,3.494,,
2050,spaceHeat,62HR,capaDem,4.409,,
2050,spaceHeat,63BA,capaDem,2.123,,
2050,spaceHeat,64ME,capaDem,0.392,,
2050,spaceHeat,65RS,capaDem,3.909,,
2050,spaceHeat,66BG,capaDem,5.133,,
2050,spaceHeat,67MK,capaDem,1.424,,
2050,spaceHeat,68GR,capaDem,3.044,,
2050,spaceHeat,69GR,capaDem,4.378,,
2050,spaceHeat,70AL,capaDem,1.816,,
2050,spaceHeat,72DK,capaDem,5.057,,
2050,spaceHeat,73EE,capaDem,1.998,,
2050,spaceHeat,74FI,capaDem,1.593,,
2050,spaceHeat,75FI,capaDem,9.834,,
2050,spaceHeat,77LT,capaDem,3.011,,
2050,spaceHeat,78LV,capaDem,2.854,,
2050,spaceHeat,79NO,capaDem,0.747,,
2050,spaceHeat,80NO,capaDem,1.735,,
2050,spaceHeat,81NO,capaDem,2.698,,
2050,spaceHeat,82NO,capaDem,4.618,,
2050,spaceHeat,83NO,capaDem,1.432,,
2050,spaceHeat,84NO,capaDem,1.367,,
2050,spaceHeat,85NO,capaDem,0.191,,
2050,spaceHeat,86SE,capaDem,0.826,,
2050,spaceHeat,87SE,capaDem,2.612,,
2050,spaceHeat,88SE,capaDem,17.572,,
2050,spaceHeat,89SE,capaDem,4.741,,
2050,spaceHeat,90UK,capaDem,30.294,,
2050,spaceHeat,91UK,capaDem,6.772,,
2050,spaceHeat,92UK,capaDem,31.129,,
2050,spaceHeat,93UK,capaDem,8.751,,
2050,spaceHeat,94UK,capaDem,5.089,,
2050,spaceHeat,95UK,capaDem,2.603,,
2050,spaceHeat,96IE,capaDem,4.793,,
2050,spaceHeat,98IT,capaDem,2.355,,
2050,spaceHeat,99FR,capaDem,0.404,,
